date,station,entrances,exits
6/1/2025,Times Sq-42 St,16876,15927
6/1/2025,Grand Central-42 St,18776,19396
6/1/2025,34 St-Penn Station,12744,13680
6/1/2025,14 St-Union Sq,6524,7262
6/1/2025,Fulton St,15193,15060
6/1/2025,42 St-Port Authority,13690,13571
6/1/2025,Herald Sq-34 St,13748,13448
6/1/2025,Canal St,7544,7146
6/1/2025,59 St-Columbus Circle,7470,8778
6/1/2025,125 St,10148,9454
6/1/2025,96 St,18883,17555
6/1/2025,86 St,19829,20388
6/1/2025,72 St,11716,10018
6/1/2025,66 St-Lincoln Center,14773,14045
6/1/2025,50 St,20919,21397
6/1/2025,28 St,13227,14034
6/1/2025,23 St,7831,8507
6/1/2025,Christopher St,17695,15825
6/1/2025,Houston St,20109,18821
6/1/2025,Spring St,9891,9569
6/1/2025,Chambers St,18483,18548
6/1/2025,Wall St,7236,6563
6/1/2025,Bowling Green,8694,7454
6/1/2025,West 4 St-Wash Sq,4979,3956
6/1/2025,Astor Pl,7675,7482
6/2/2025,Times Sq-42 St,14492,15456
6/2/2025,Grand Central-42 St,17071,15888
6/2/2025,34 St-Penn Station,12229,12348
6/2/2025,14 St-Union Sq,6172,5527
6/2/2025,Fulton St,15611,15811
6/2/2025,42 St-Port Authority,10913,12055
6/2/2025,Herald Sq-34 St,14223,14152
6/2/2025,Canal St,4101,5129
6/2/2025,59 St-Columbus Circle,5597,5752
6/2/2025,125 St,6792,6392
6/2/2025,96 St,14657,15619
6/2/2025,86 St,16677,15881
6/2/2025,72 St,9501,9379
6/2/2025,66 St-Lincoln Center,12823,11872
6/2/2025,50 St,17978,19211
6/2/2025,28 St,10889,11517
6/2/2025,23 St,7322,6302
6/2/2025,Christopher St,15527,15221
6/2/2025,Houston St,19982,19399
6/2/2025,Spring St,10549,9921
6/2/2025,Chambers St,17048,17575
6/2/2025,Wall St,8863,10073
6/2/2025,Bowling Green,8050,8171
6/2/2025,West 4 St-Wash Sq,6891,6330
6/2/2025,Astor Pl,5813,5553
6/3/2025,Times Sq-42 St,19069,18459
6/3/2025,Grand Central-42 St,18113,17592
6/3/2025,34 St-Penn Station,17261,16760
6/3/2025,14 St-Union Sq,3071,3386
6/3/2025,Fulton St,14951,14612
6/3/2025,42 St-Port Authority,14098,14070
6/3/2025,Herald Sq-34 St,12796,14516
6/3/2025,Canal St,3738,4649
6/3/2025,59 St-Columbus Circle,9408,8832
6/3/2025,125 St,5207,6443
6/3/2025,96 St,17848,18586
6/3/2025,86 St,18891,17724
6/3/2025,72 St,9462,10078
6/3/2025,66 St-Lincoln Center,13949,13779
6/3/2025,50 St,18712,18923
6/3/2025,28 St,13069,12271
6/3/2025,23 St,9763,10240
6/3/2025,Christopher St,12330,12773
6/3/2025,Houston St,16454,16036
6/3/2025,Spring St,9194,10602
6/3/2025,Chambers St,17248,16734
6/3/2025,Wall St,8369,8405
6/3/2025,Bowling Green,8843,8913
6/3/2025,West 4 St-Wash Sq,7053,7270
6/3/2025,Astor Pl,10169,10227
6/4/2025,Times Sq-42 St,17217,17029
6/4/2025,Grand Central-42 St,17238,16731
6/4/2025,34 St-Penn Station,13367,13313
6/4/2025,14 St-Union Sq,5474,4884
6/4/2025,Fulton St,15072,14948
6/4/2025,42 St-Port Authority,19159,20092
6/4/2025,Herald Sq-34 St,15304,14151
6/4/2025,Canal St,4582,3768
6/4/2025,59 St-Columbus Circle,6926,8357
6/4/2025,125 St,5433,5947
6/4/2025,96 St,19078,19055
6/4/2025,86 St,16808,17251
6/4/2025,72 St,8903,10497
6/4/2025,66 St-Lincoln Center,12764,13953
6/4/2025,50 St,19408,20437
6/4/2025,28 St,12305,11277
6/4/2025,23 St,8862,8491
6/4/2025,Christopher St,13385,13346
6/4/2025,Houston St,18508,18737
6/4/2025,Spring St,13278,14572
6/4/2025,Chambers St,14495,15495
6/4/2025,Wall St,12087,12115
6/4/2025,Bowling Green,8148,8100
6/4/2025,West 4 St-Wash Sq,6268,5089
6/4/2025,Astor Pl,6338,6272
6/5/2025,Times Sq-42 St,18893,19036
6/5/2025,Grand Central-42 St,16186,15977
6/5/2025,34 St-Penn Station,14322,15740
6/5/2025,14 St-Union Sq,4090,3793
6/5/2025,Fulton St,16114,16639
6/5/2025,42 St-Port Authority,13053,12658
6/5/2025,Herald Sq-34 St,16940,16230
6/5/2025,Canal St,6286,6868
6/5/2025,59 St-Columbus Circle,6794,5904
6/5/2025,125 St,6855,5463
6/5/2025,96 St,19315,21087
6/5/2025,86 St,17351,17392
6/5/2025,72 St,9791,9485
6/5/2025,66 St-Lincoln Center,13241,13198
6/5/2025,50 St,16564,16922
6/5/2025,28 St,11923,12181
6/5/2025,23 St,7192,6742
6/5/2025,Christopher St,14305,13662
6/5/2025,Houston St,17270,17633
6/5/2025,Spring St,12054,11013
6/5/2025,Chambers St,15275,15544
6/5/2025,Wall St,11419,11393
6/5/2025,Bowling Green,5984,6003
6/5/2025,West 4 St-Wash Sq,4620,4958
6/5/2025,Astor Pl,7593,9221
6/6/2025,Times Sq-42 St,13592,14776
6/6/2025,Grand Central-42 St,17743,16863
6/6/2025,34 St-Penn Station,15416,14733
6/6/2025,14 St-Union Sq,3948,5065
6/6/2025,Fulton St,16100,16464
6/6/2025,42 St-Port Authority,10235,9505
6/6/2025,Herald Sq-34 St,11755,11055
6/6/2025,Canal St,4912,4796
6/6/2025,59 St-Columbus Circle,6099,6845
6/6/2025,125 St,11221,10972
6/6/2025,96 St,18503,18011
6/6/2025,86 St,16942,15922
6/6/2025,72 St,11076,10579
6/6/2025,66 St-Lincoln Center,14318,12721
6/6/2025,50 St,18030,18600
6/6/2025,28 St,14346,14613
6/6/2025,23 St,7095,6448
6/6/2025,Christopher St,25797,25333
6/6/2025,Houston St,19576,19610
6/6/2025,Spring St,10286,9581
6/6/2025,Chambers St,17935,18032
6/6/2025,Wall St,9480,9892
6/6/2025,Bowling Green,8507,9793
6/6/2025,West 4 St-Wash Sq,5546,6155
6/6/2025,Astor Pl,7682,7266
6/7/2025,Times Sq-42 St,15979,16126
6/7/2025,Grand Central-42 St,14831,14840
6/7/2025,34 St-Penn Station,16435,17475
6/7/2025,14 St-Union Sq,11703,12361
6/7/2025,Fulton St,17836,16959
6/7/2025,42 St-Port Authority,14297,14972
6/7/2025,Herald Sq-34 St,17178,15834
6/7/2025,Canal St,3739,3520
6/7/2025,59 St-Columbus Circle,9846,9236
6/7/2025,125 St,6330,6256
6/7/2025,96 St,19373,18212
6/7/2025,86 St,18617,18807
6/7/2025,72 St,8516,9241
6/7/2025,66 St-Lincoln Center,15087,15481
6/7/2025,50 St,19238,19661
6/7/2025,28 St,12977,12425
6/7/2025,23 St,9675,8316
6/7/2025,Christopher St,15818,15992
6/7/2025,Houston St,15997,15895
6/7/2025,Spring St,17062,15583
6/7/2025,Chambers St,17719,17936
6/7/2025,Wall St,11084,10137
6/7/2025,Bowling Green,7804,7503
6/7/2025,West 4 St-Wash Sq,5765,6456
6/7/2025,Astor Pl,9312,9316
6/8/2025,Times Sq-42 St,15584,15738
6/8/2025,Grand Central-42 St,21952,21891
6/8/2025,34 St-Penn Station,15150,15464
6/8/2025,14 St-Union Sq,5490,6069
6/8/2025,Fulton St,18953,18671
6/8/2025,42 St-Port Authority,13848,13334
6/8/2025,Herald Sq-34 St,17641,16769
6/8/2025,Canal St,7589,7127
6/8/2025,59 St-Columbus Circle,6310,7779
6/8/2025,125 St,9488,10919
6/8/2025,96 St,19889,19297
6/8/2025,86 St,16837,15264
6/8/2025,72 St,12452,12771
6/8/2025,66 St-Lincoln Center,13587,13247
6/8/2025,50 St,18671,18151
6/8/2025,28 St,11463,11876
6/8/2025,23 St,6919,7591
6/8/2025,Christopher St,11081,11074
6/8/2025,Houston St,19220,19538
6/8/2025,Spring St,12639,12093
6/8/2025,Chambers St,14750,14704
6/8/2025,Wall St,11433,11232
6/8/2025,Bowling Green,8202,7940
6/8/2025,West 4 St-Wash Sq,7455,6874
6/8/2025,Astor Pl,7186,5708
6/9/2025,Times Sq-42 St,19619,19730
6/9/2025,Grand Central-42 St,15201,14168
6/9/2025,34 St-Penn Station,13280,13140
6/9/2025,14 St-Union Sq,8123,7098
6/9/2025,Fulton St,15585,14797
6/9/2025,42 St-Port Authority,11895,11970
6/9/2025,Herald Sq-34 St,14213,13353
6/9/2025,Canal St,5791,5955
6/9/2025,59 St-Columbus Circle,4696,5833
6/9/2025,125 St,8502,7567
6/9/2025,96 St,17363,18817
6/9/2025,86 St,20618,20207
6/9/2025,72 St,11871,12667
6/9/2025,66 St-Lincoln Center,16894,17761
6/9/2025,50 St,18783,17796
6/9/2025,28 St,14842,13928
6/9/2025,23 St,10752,10669
6/9/2025,Christopher St,15771,16692
6/9/2025,Houston St,20730,20863
6/9/2025,Spring St,11507,10713
6/9/2025,Chambers St,18406,17988
6/9/2025,Wall St,8827,9756
6/9/2025,Bowling Green,5314,6079
6/9/2025,West 4 St-Wash Sq,5896,6563
6/9/2025,Astor Pl,9535,9149
6/10/2025,Times Sq-42 St,15919,15071
6/10/2025,Grand Central-42 St,14898,15782
6/10/2025,34 St-Penn Station,15418,16966
6/10/2025,14 St-Union Sq,6500,6428
6/10/2025,Fulton St,15602,14547
6/10/2025,42 St-Port Authority,13484,13372
6/10/2025,Herald Sq-34 St,17080,15915
6/10/2025,Canal St,7894,6315
6/10/2025,59 St-Columbus Circle,5901,5568
6/10/2025,125 St,6182,5200
6/10/2025,96 St,17004,17457
6/10/2025,86 St,17674,18559
6/10/2025,72 St,13138,14831
6/10/2025,66 St-Lincoln Center,14814,14396
6/10/2025,50 St,17901,18387
6/10/2025,28 St,12176,11765
6/10/2025,23 St,10074,9649
6/10/2025,Christopher St,15624,14587
6/10/2025,Houston St,17208,16281
6/10/2025,Spring St,14039,14347
6/10/2025,Chambers St,17519,16191
6/10/2025,Wall St,12326,12847
6/10/2025,Bowling Green,10807,10071
6/10/2025,West 4 St-Wash Sq,8683,8187
6/10/2025,Astor Pl,10389,9366
6/11/2025,Times Sq-42 St,17620,17334
6/11/2025,Grand Central-42 St,15455,16149
6/11/2025,34 St-Penn Station,12073,12629
6/11/2025,14 St-Union Sq,4707,4322
6/11/2025,Fulton St,27279,25597
6/11/2025,42 St-Port Authority,11251,12446
6/11/2025,Herald Sq-34 St,14010,13964
6/11/2025,Canal St,5379,5654
6/11/2025,59 St-Columbus Circle,7296,9144
6/11/2025,125 St,7998,8536
6/11/2025,96 St,16036,16320
6/11/2025,86 St,19171,18411
6/11/2025,72 St,12822,13112
6/11/2025,66 St-Lincoln Center,11639,12224
6/11/2025,50 St,16118,17277
6/11/2025,28 St,10604,10632
6/11/2025,23 St,11138,10236
6/11/2025,Christopher St,14992,14683
6/11/2025,Houston St,20023,19804
6/11/2025,Spring St,12812,12993
6/11/2025,Chambers St,17188,16958
6/11/2025,Wall St,8442,8383
6/11/2025,Bowling Green,8237,7924
6/11/2025,West 4 St-Wash Sq,7248,7564
6/11/2025,Astor Pl,8336,8821
6/12/2025,Times Sq-42 St,15890,15928
6/12/2025,Grand Central-42 St,19128,18638
6/12/2025,34 St-Penn Station,12832,12815
6/12/2025,14 St-Union Sq,7582,6365
6/12/2025,Fulton St,18144,17029
6/12/2025,42 St-Port Authority,14278,14164
6/12/2025,Herald Sq-34 St,14314,14756
6/12/2025,Canal St,3905,4055
6/12/2025,59 St-Columbus Circle,5982,5327
6/12/2025,125 St,9400,9645
6/12/2025,96 St,17920,17027
6/12/2025,86 St,19789,18871
6/12/2025,72 St,13126,11812
6/12/2025,66 St-Lincoln Center,12831,12820
6/12/2025,50 St,18572,17955
6/12/2025,28 St,14819,14285
6/12/2025,23 St,9571,11180
6/12/2025,Christopher St,15759,15198
6/12/2025,Houston St,16553,17605
6/12/2025,Spring St,8704,9327
6/12/2025,Chambers St,17102,18598
6/12/2025,Wall St,10218,9767
6/12/2025,Bowling Green,7184,7878
6/12/2025,West 4 St-Wash Sq,6805,5806
6/12/2025,Astor Pl,8054,7485
6/13/2025,Times Sq-42 St,15020,15067
6/13/2025,Grand Central-42 St,16596,15455
6/13/2025,34 St-Penn Station,15497,14683
6/13/2025,14 St-Union Sq,4078,2727
6/13/2025,Fulton St,19730,18341
6/13/2025,42 St-Port Authority,13230,13425
6/13/2025,Herald Sq-34 St,16956,15463
6/13/2025,Canal St,5861,5343
6/13/2025,59 St-Columbus Circle,6614,6588
6/13/2025,125 St,7573,8861
6/13/2025,96 St,15472,15502
6/13/2025,86 St,18119,18528
6/13/2025,72 St,9073,9549
6/13/2025,66 St-Lincoln Center,25750,26562
6/13/2025,50 St,18370,17427
6/13/2025,28 St,13250,12275
6/13/2025,23 St,6672,6704
6/13/2025,Christopher St,15135,15420
6/13/2025,Houston St,16821,16044
6/13/2025,Spring St,12152,13570
6/13/2025,Chambers St,16756,16372
6/13/2025,Wall St,12208,11768
6/13/2025,Bowling Green,8768,8597
6/13/2025,West 4 St-Wash Sq,8043,8072
6/13/2025,Astor Pl,7599,7871
6/14/2025,Times Sq-42 St,15152,15175
6/14/2025,Grand Central-42 St,17183,17615
6/14/2025,34 St-Penn Station,14690,13970
6/14/2025,14 St-Union Sq,6604,7516
6/14/2025,Fulton St,13787,14338
6/14/2025,42 St-Port Authority,12614,11547
6/14/2025,Herald Sq-34 St,16843,14921
6/14/2025,Canal St,7854,7474
6/14/2025,59 St-Columbus Circle,9948,9158
6/14/2025,125 St,9027,8566
6/14/2025,96 St,18871,19780
6/14/2025,86 St,18168,18148
6/14/2025,72 St,13575,14645
6/14/2025,66 St-Lincoln Center,15029,14648
6/14/2025,50 St,19818,19795
6/14/2025,28 St,11808,12465
6/14/2025,23 St,8061,9313
6/14/2025,Christopher St,15992,14324
6/14/2025,Houston St,19908,19206
6/14/2025,Spring St,10512,10089
6/14/2025,Chambers St,17494,17870
6/14/2025,Wall St,8469,9815
6/14/2025,Bowling Green,9899,8038
6/14/2025,West 4 St-Wash Sq,4236,3409
6/14/2025,Astor Pl,6600,6547
6/15/2025,Times Sq-42 St,15308,16515
6/15/2025,Grand Central-42 St,15358,14933
6/15/2025,34 St-Penn Station,15282,16376
6/15/2025,14 St-Union Sq,4572,3927
6/15/2025,Fulton St,18213,18675
6/15/2025,42 St-Port Authority,13029,12863
6/15/2025,Herald Sq-34 St,13335,13384
6/15/2025,Canal St,4077,3022
6/15/2025,59 St-Columbus Circle,7099,6026
6/15/2025,125 St,9241,8414
6/15/2025,96 St,17930,19048
6/15/2025,86 St,17314,18419
6/15/2025,72 St,9824,9836
6/15/2025,66 St-Lincoln Center,17447,17251
6/15/2025,50 St,19034,19050
6/15/2025,28 St,12113,12080
6/15/2025,23 St,7973,8749
6/15/2025,Christopher St,11164,11335
6/15/2025,Houston St,17917,16819
6/15/2025,Spring St,13123,13213
6/15/2025,Chambers St,17527,17690
6/15/2025,Wall St,7258,6436
6/15/2025,Bowling Green,9671,8161
6/15/2025,West 4 St-Wash Sq,6470,8029
6/15/2025,Astor Pl,9416,9690
6/16/2025,Times Sq-42 St,18520,19271
6/16/2025,Grand Central-42 St,17149,16663
6/16/2025,34 St-Penn Station,14054,13203
6/16/2025,14 St-Union Sq,6588,7611
6/16/2025,Fulton St,17737,18592
6/16/2025,42 St-Port Authority,11954,11981
6/16/2025,Herald Sq-34 St,16598,16120
6/16/2025,Canal St,5097,5818
6/16/2025,59 St-Columbus Circle,7039,6378
6/16/2025,125 St,8722,7242
6/16/2025,96 St,15639,15883
6/16/2025,86 St,18448,18754
6/16/2025,72 St,13304,11999
6/16/2025,66 St-Lincoln Center,14351,14330
6/16/2025,50 St,20786,19319
6/16/2025,28 St,13481,13658
6/16/2025,23 St,5534,6096
6/16/2025,Christopher St,13915,14212
6/16/2025,Houston St,15024,15215
6/16/2025,Spring St,10065,11217
6/16/2025,Chambers St,15579,16315
6/16/2025,Wall St,9280,8651
6/16/2025,Bowling Green,4761,4689
6/16/2025,West 4 St-Wash Sq,5114,4796
6/16/2025,Astor Pl,6117,4921
6/17/2025,Times Sq-42 St,15085,14803
6/17/2025,Grand Central-42 St,19285,18215
6/17/2025,34 St-Penn Station,13402,13856
6/17/2025,14 St-Union Sq,5373,4954
6/17/2025,Fulton St,15537,15388
6/17/2025,42 St-Port Authority,19747,20002
6/17/2025,Herald Sq-34 St,11825,12499
6/17/2025,Canal St,6127,5609
6/17/2025,59 St-Columbus Circle,6768,6918
6/17/2025,125 St,9473,9649
6/17/2025,96 St,17057,17292
6/17/2025,86 St,18450,18711
6/17/2025,72 St,11322,12800
6/17/2025,66 St-Lincoln Center,13759,13907
6/17/2025,50 St,19454,18695
6/17/2025,28 St,14204,14121
6/17/2025,23 St,9821,10824
6/17/2025,Christopher St,12563,11640
6/17/2025,Houston St,18426,20387
6/17/2025,Spring St,10437,10449
6/17/2025,Chambers St,16809,17606
6/17/2025,Wall St,9102,9687
6/17/2025,Bowling Green,8353,8631
6/17/2025,West 4 St-Wash Sq,6895,6490
6/17/2025,Astor Pl,6463,6210
6/18/2025,Times Sq-42 St,17099,16852
6/18/2025,Grand Central-42 St,17167,18289
6/18/2025,34 St-Penn Station,14215,14642
6/18/2025,14 St-Union Sq,5006,5418
6/18/2025,Fulton St,18364,17910
6/18/2025,42 St-Port Authority,11143,11544
6/18/2025,Herald Sq-34 St,14216,14028
6/18/2025,Canal St,8243,8875
6/18/2025,59 St-Columbus Circle,8279,6707
6/18/2025,125 St,11258,10569
6/18/2025,96 St,19958,19279
6/18/2025,86 St,19832,20104
6/18/2025,72 St,16176,15234
6/18/2025,66 St-Lincoln Center,13525,12073
6/18/2025,50 St,21015,19909
6/18/2025,28 St,13129,12114
6/18/2025,23 St,8810,9122
6/18/2025,Christopher St,16026,14803
6/18/2025,Houston St,17200,16876
6/18/2025,Spring St,9982,10232
6/18/2025,Chambers St,19055,19667
6/18/2025,Wall St,7527,6993
6/18/2025,Bowling Green,4321,4143
6/18/2025,West 4 St-Wash Sq,7072,7646
6/18/2025,Astor Pl,7804,8793
6/19/2025,Times Sq-42 St,15391,14456
6/19/2025,Grand Central-42 St,14890,16549
6/19/2025,34 St-Penn Station,13162,12598
6/19/2025,14 St-Union Sq,3717,5203
6/19/2025,Fulton St,15651,16593
6/19/2025,42 St-Port Authority,14479,15647
6/19/2025,Herald Sq-34 St,22599,20762
6/19/2025,Canal St,7160,7907
6/19/2025,59 St-Columbus Circle,8018,8312
6/19/2025,125 St,8116,8086
6/19/2025,96 St,18050,16901
6/19/2025,86 St,19856,18239
6/19/2025,72 St,8922,8741
6/19/2025,66 St-Lincoln Center,15035,14960
6/19/2025,50 St,16314,16331
6/19/2025,28 St,10804,12024
6/19/2025,23 St,10799,10613
6/19/2025,Christopher St,11519,11462
6/19/2025,Houston St,16641,16459
6/19/2025,Spring St,10794,10357
6/19/2025,Chambers St,16261,15952
6/19/2025,Wall St,8591,9170
6/19/2025,Bowling Green,8609,7569
6/19/2025,West 4 St-Wash Sq,8568,8757
6/19/2025,Astor Pl,8845,8687
6/20/2025,Times Sq-42 St,15699,14580
6/20/2025,Grand Central-42 St,15493,14467
6/20/2025,34 St-Penn Station,13614,14196
6/20/2025,14 St-Union Sq,5980,5861
6/20/2025,Fulton St,16642,16691
6/20/2025,42 St-Port Authority,10742,10630
6/20/2025,Herald Sq-34 St,11796,12283
6/20/2025,Canal St,8567,7172
6/20/2025,59 St-Columbus Circle,10150,9092
6/20/2025,125 St,9825,9555
6/20/2025,96 St,15962,16477
6/20/2025,86 St,17701,18045
6/20/2025,72 St,8938,8743
6/20/2025,66 St-Lincoln Center,21705,22645
6/20/2025,50 St,19878,19230
6/20/2025,28 St,11400,11066
6/20/2025,23 St,7806,9477
6/20/2025,Christopher St,13579,14688
6/20/2025,Houston St,15666,15667
6/20/2025,Spring St,9511,9281
6/20/2025,Chambers St,16722,15700
6/20/2025,Wall St,9763,8469
6/20/2025,Bowling Green,5440,5374
6/20/2025,West 4 St-Wash Sq,3890,4159
6/20/2025,Astor Pl,7687,6463
6/21/2025,Times Sq-42 St,15062,16324
6/21/2025,Grand Central-42 St,19137,18290
6/21/2025,34 St-Penn Station,13271,13936
6/21/2025,14 St-Union Sq,8794,7484
6/21/2025,Fulton St,15077,15936
6/21/2025,42 St-Port Authority,15260,15088
6/21/2025,Herald Sq-34 St,16470,16309
6/21/2025,Canal St,5087,5038
6/21/2025,59 St-Columbus Circle,7300,8506
6/21/2025,125 St,7498,6423
6/21/2025,96 St,20442,20071
6/21/2025,86 St,15492,15510
6/21/2025,72 St,13614,13595
6/21/2025,66 St-Lincoln Center,14491,15211
6/21/2025,50 St,18698,18769
6/21/2025,28 St,18293,16470
6/21/2025,23 St,9341,7547
6/21/2025,Christopher St,14129,13300
6/21/2025,Houston St,18864,18670
6/21/2025,Spring St,12134,10980
6/21/2025,Chambers St,15092,15332
6/21/2025,Wall St,8091,7932
6/21/2025,Bowling Green,10461,10341
6/21/2025,West 4 St-Wash Sq,2435,4134
6/21/2025,Astor Pl,5875,6394
6/22/2025,Times Sq-42 St,19114,18135
6/22/2025,Grand Central-42 St,15947,15135
6/22/2025,34 St-Penn Station,12921,14339
6/22/2025,14 St-Union Sq,5065,4917
6/22/2025,Fulton St,17572,17375
6/22/2025,42 St-Port Authority,13034,12813
6/22/2025,Herald Sq-34 St,11602,11427
6/22/2025,Canal St,7628,7057
6/22/2025,59 St-Columbus Circle,5826,6829
6/22/2025,125 St,10177,9855
6/22/2025,96 St,18976,19426
6/22/2025,86 St,17445,17890
6/22/2025,72 St,11296,11297
6/22/2025,66 St-Lincoln Center,16475,15773
6/22/2025,50 St,20703,20441
6/22/2025,28 St,14752,14958
6/22/2025,23 St,8386,6865
6/22/2025,Christopher St,24993,24438
6/22/2025,Houston St,14458,15074
6/22/2025,Spring St,11084,12071
6/22/2025,Chambers St,18855,17498
6/22/2025,Wall St,11148,10864
6/22/2025,Bowling Green,9554,10341
6/22/2025,West 4 St-Wash Sq,5988,6441
6/22/2025,Astor Pl,7650,8163
6/23/2025,Times Sq-42 St,19667,19895
6/23/2025,Grand Central-42 St,17200,16982
6/23/2025,34 St-Penn Station,13047,12593
6/23/2025,14 St-Union Sq,8612,8837
6/23/2025,Fulton St,14857,16576
6/23/2025,42 St-Port Authority,11201,11190
6/23/2025,Herald Sq-34 St,16393,14698
6/23/2025,Canal St,4132,2779
6/23/2025,59 St-Columbus Circle,7554,7799
6/23/2025,125 St,6027,6681
6/23/2025,96 St,16555,17930
6/23/2025,86 St,20281,19470
6/23/2025,72 St,12109,12463
6/23/2025,66 St-Lincoln Center,25038,24931
6/23/2025,50 St,28231,28189
6/23/2025,28 St,11057,10885
6/23/2025,23 St,9752,9121
6/23/2025,Christopher St,14143,14481
6/23/2025,Houston St,20161,19545
6/23/2025,Spring St,10172,9336
6/23/2025,Chambers St,17542,18728
6/23/2025,Wall St,10274,10331
6/23/2025,Bowling Green,8167,9091
6/23/2025,West 4 St-Wash Sq,10051,10887
6/23/2025,Astor Pl,6475,4932
6/24/2025,Times Sq-42 St,19086,18604
6/24/2025,Grand Central-42 St,18205,18959
6/24/2025,34 St-Penn Station,16580,15213
6/24/2025,14 St-Union Sq,5149,5815
6/24/2025,Fulton St,19432,17490
6/24/2025,42 St-Port Authority,12998,13349
6/24/2025,Herald Sq-34 St,15087,13864
6/24/2025,Canal St,6373,4889
6/24/2025,59 St-Columbus Circle,9047,8940
6/24/2025,125 St,5520,6633
6/24/2025,96 St,18666,19226
6/24/2025,86 St,30249,30853
6/24/2025,72 St,9703,8571
6/24/2025,66 St-Lincoln Center,14318,13582
6/24/2025,50 St,18409,18242
6/24/2025,28 St,13745,12678
6/24/2025,23 St,8738,9285
6/24/2025,Christopher St,15798,15837
6/24/2025,Houston St,15035,15923
6/24/2025,Spring St,9836,8537
6/24/2025,Chambers St,19241,19126
6/24/2025,Wall St,9733,9482
6/24/2025,Bowling Green,8769,9396
6/24/2025,West 4 St-Wash Sq,7604,7662
6/24/2025,Astor Pl,6571,7645
6/25/2025,Times Sq-42 St,16958,18499
6/25/2025,Grand Central-42 St,14022,15607
6/25/2025,34 St-Penn Station,17245,17699
6/25/2025,14 St-Union Sq,3167,3745
6/25/2025,Fulton St,17577,17250
6/25/2025,42 St-Port Authority,13285,13589
6/25/2025,Herald Sq-34 St,14614,14216
6/25/2025,Canal St,5485,4796
6/25/2025,59 St-Columbus Circle,6481,7033
6/25/2025,125 St,5396,6687
6/25/2025,96 St,17660,15771
6/25/2025,86 St,19247,17984
6/25/2025,72 St,9604,9150
6/25/2025,66 St-Lincoln Center,14972,15407
6/25/2025,50 St,17985,16609
6/25/2025,28 St,12425,13635
6/25/2025,23 St,9342,10621
6/25/2025,Christopher St,15366,15842
6/25/2025,Houston St,19593,19660
6/25/2025,Spring St,12007,12421
6/25/2025,Chambers St,19714,18275
6/25/2025,Wall St,9451,9433
6/25/2025,Bowling Green,7036,7621
6/25/2025,West 4 St-Wash Sq,6212,6313
6/25/2025,Astor Pl,9186,10373
6/26/2025,Times Sq-42 St,18824,19145
6/26/2025,Grand Central-42 St,16927,17786
6/26/2025,34 St-Penn Station,13400,13147
6/26/2025,14 St-Union Sq,4201,2820
6/26/2025,Fulton St,20159,20149
6/26/2025,42 St-Port Authority,13200,14062
6/26/2025,Herald Sq-34 St,13717,13408
6/26/2025,Canal St,7073,7316
6/26/2025,59 St-Columbus Circle,6908,6232
6/26/2025,125 St,9436,8623
6/26/2025,96 St,15591,15608
6/26/2025,86 St,16245,15138
6/26/2025,72 St,7769,7984
6/26/2025,66 St-Lincoln Center,16484,16295
6/26/2025,50 St,18629,18980
6/26/2025,28 St,13002,13558
6/26/2025,23 St,6822,6506
6/26/2025,Christopher St,14915,14140
6/26/2025,Houston St,19610,18933
6/26/2025,Spring St,10728,10800
6/26/2025,Chambers St,15897,15287
6/26/2025,Wall St,8541,8358
6/26/2025,Bowling Green,7342,7492
6/26/2025,West 4 St-Wash Sq,5491,4688
6/26/2025,Astor Pl,10497,10749
6/27/2025,Times Sq-42 St,18725,17872
6/27/2025,Grand Central-42 St,14247,14941
6/27/2025,34 St-Penn Station,15016,15222
6/27/2025,14 St-Union Sq,2335,2444
6/27/2025,Fulton St,17212,15668
6/27/2025,42 St-Port Authority,13505,15058
6/27/2025,Herald Sq-34 St,15792,14123
6/27/2025,Canal St,5635,4507
6/27/2025,59 St-Columbus Circle,7855,7042
6/27/2025,125 St,5531,6673
6/27/2025,96 St,24346,26940
6/27/2025,86 St,16509,17063
6/27/2025,72 St,9095,8071
6/27/2025,66 St-Lincoln Center,14459,14046
6/27/2025,50 St,18975,19039
6/27/2025,28 St,18381,19320
6/27/2025,23 St,7852,7557
6/27/2025,Christopher St,12811,13145
6/27/2025,Houston St,14864,15333
6/27/2025,Spring St,11824,10487
6/27/2025,Chambers St,17703,17693
6/27/2025,Wall St,8403,8614
6/27/2025,Bowling Green,6071,6495
6/27/2025,West 4 St-Wash Sq,7307,5759
6/27/2025,Astor Pl,10258,10484
6/28/2025,Times Sq-42 St,17787,16871
6/28/2025,Grand Central-42 St,18139,19027
6/28/2025,34 St-Penn Station,16381,17289
6/28/2025,14 St-Union Sq,5654,6138
6/28/2025,Fulton St,17411,17333
6/28/2025,42 St-Port Authority,12211,13708
6/28/2025,Herald Sq-34 St,12083,13105
6/28/2025,Canal St,7373,6941
6/28/2025,59 St-Columbus Circle,9773,8683
6/28/2025,125 St,10002,9821
6/28/2025,96 St,17526,18054
6/28/2025,86 St,14819,16021
6/28/2025,72 St,11121,10807
6/28/2025,66 St-Lincoln Center,13315,13136
6/28/2025,50 St,21377,20622
6/28/2025,28 St,10547,11545
6/28/2025,23 St,8620,8760
6/28/2025,Christopher St,15588,15579
6/28/2025,Houston St,19798,19862
6/28/2025,Spring St,10761,9272
6/28/2025,Chambers St,18146,18645
6/28/2025,Wall St,10542,11733
6/28/2025,Bowling Green,6860,7685
6/28/2025,West 4 St-Wash Sq,3317,3406
6/28/2025,Astor Pl,7031,8010
6/29/2025,Times Sq-42 St,14180,14926
6/29/2025,Grand Central-42 St,17242,18716
6/29/2025,34 St-Penn Station,15444,15254
6/29/2025,14 St-Union Sq,6797,8052
6/29/2025,Fulton St,17497,16326
6/29/2025,42 St-Port Authority,15328,15332
6/29/2025,Herald Sq-34 St,15183,16508
6/29/2025,Canal St,7917,8591
6/29/2025,59 St-Columbus Circle,8300,8942
6/29/2025,125 St,9753,9737
6/29/2025,96 St,17627,16589
6/29/2025,86 St,15246,14784
6/29/2025,72 St,10512,9695
6/29/2025,66 St-Lincoln Center,16206,16539
6/29/2025,50 St,16735,15810
6/29/2025,28 St,11657,11952
6/29/2025,23 St,9136,9174
6/29/2025,Christopher St,15569,15082
6/29/2025,Houston St,18204,19198
6/29/2025,Spring St,8216,9747
6/29/2025,Chambers St,17909,17291
6/29/2025,Wall St,9815,10552
6/29/2025,Bowling Green,6558,5994
6/29/2025,West 4 St-Wash Sq,4685,3632
6/29/2025,Astor Pl,7894,7229
6/30/2025,Times Sq-42 St,18637,17938
6/30/2025,Grand Central-42 St,17680,18434
6/30/2025,34 St-Penn Station,14571,15678
6/30/2025,14 St-Union Sq,3809,3986
6/30/2025,Fulton St,18674,18428
6/30/2025,42 St-Port Authority,12638,11162
6/30/2025,Herald Sq-34 St,11805,12623
6/30/2025,Canal St,7677,6441
6/30/2025,59 St-Columbus Circle,4220,5361
6/30/2025,125 St,5992,7020
6/30/2025,96 St,16763,16723
6/30/2025,86 St,17161,16952
6/30/2025,72 St,7823,8329
6/30/2025,66 St-Lincoln Center,13880,14764
6/30/2025,50 St,16225,16284
6/30/2025,28 St,11867,10944
6/30/2025,23 St,7411,7724
6/30/2025,Christopher St,16127,16280
6/30/2025,Houston St,19875,19216
6/30/2025,Spring St,11252,11877
6/30/2025,Chambers St,18225,19665
6/30/2025,Wall St,11799,12083
6/30/2025,Bowling Green,7774,7943
6/30/2025,West 4 St-Wash Sq,6560,7516
6/30/2025,Astor Pl,7114,6001
7/1/2025,Times Sq-42 St,16447,17865
7/1/2025,Grand Central-42 St,16076,16148
7/1/2025,34 St-Penn Station,16983,17213
7/1/2025,14 St-Union Sq,4181,4833
7/1/2025,Fulton St,18873,17869
7/1/2025,42 St-Port Authority,13851,12826
7/1/2025,Herald Sq-34 St,11472,11678
7/1/2025,Canal St,6713,7177
7/1/2025,59 St-Columbus Circle,9103,10210
7/1/2025,125 St,10768,9651
7/1/2025,96 St,19336,19589
7/1/2025,86 St,17422,18101
7/1/2025,72 St,9014,8072
7/1/2025,66 St-Lincoln Center,16386,15750
7/1/2025,50 St,29144,29061
7/1/2025,28 St,12128,11002
7/1/2025,23 St,9662,9835
7/1/2025,Christopher St,13847,13490
7/1/2025,Houston St,18104,18774
7/1/2025,Spring St,17286,15919
7/1/2025,Chambers St,17162,19067
7/1/2025,Wall St,9645,9481
7/1/2025,Bowling Green,6693,6271
7/1/2025,West 4 St-Wash Sq,6877,6921
7/1/2025,Astor Pl,9826,9689
7/2/2025,Times Sq-42 St,19371,19626
7/2/2025,Grand Central-42 St,17790,18055
7/2/2025,34 St-Penn Station,15646,14667
7/2/2025,14 St-Union Sq,2799,3915
7/2/2025,Fulton St,16341,16805
7/2/2025,42 St-Port Authority,11397,11380
7/2/2025,Herald Sq-34 St,14914,15131
7/2/2025,Canal St,6346,7721
7/2/2025,59 St-Columbus Circle,4934,5442
7/2/2025,125 St,6291,5886
7/2/2025,96 St,15442,15118
7/2/2025,86 St,16626,16971
7/2/2025,72 St,10894,11306
7/2/2025,66 St-Lincoln Center,11767,13336
7/2/2025,50 St,19513,18337
7/2/2025,28 St,14444,14885
7/2/2025,23 St,9060,10140
7/2/2025,Christopher St,13224,13104
7/2/2025,Houston St,19530,20164
7/2/2025,Spring St,12772,11791
7/2/2025,Chambers St,16838,16498
7/2/2025,Wall St,9135,9066
7/2/2025,Bowling Green,9652,8674
7/2/2025,West 4 St-Wash Sq,5314,5230
7/2/2025,Astor Pl,7724,8094
7/3/2025,Times Sq-42 St,15362,14452
7/3/2025,Grand Central-42 St,16265,16412
7/3/2025,34 St-Penn Station,16006,16722
7/3/2025,14 St-Union Sq,4799,4544
7/3/2025,Fulton St,15782,16692
7/3/2025,42 St-Port Authority,12378,12907
7/3/2025,Herald Sq-34 St,13874,14895
7/3/2025,Canal St,4251,3453
7/3/2025,59 St-Columbus Circle,4430,5690
7/3/2025,125 St,7193,8010
7/3/2025,96 St,16926,16369
7/3/2025,86 St,16603,16543
7/3/2025,72 St,11340,11205
7/3/2025,66 St-Lincoln Center,12823,11964
7/3/2025,50 St,19212,19027
7/3/2025,28 St,12860,11782
7/3/2025,23 St,10874,11533
7/3/2025,Christopher St,13060,12171
7/3/2025,Houston St,16673,17265
7/3/2025,Spring St,12348,11904
7/3/2025,Chambers St,18812,18159
7/3/2025,Wall St,9352,10125
7/3/2025,Bowling Green,10179,10148
7/3/2025,West 4 St-Wash Sq,2755,2555
7/3/2025,Astor Pl,5842,5031
7/4/2025,Times Sq-42 St,18861,19951
7/4/2025,Grand Central-42 St,18782,18137
7/4/2025,34 St-Penn Station,16420,17129
7/4/2025,14 St-Union Sq,3734,3675
7/4/2025,Fulton St,16333,17435
7/4/2025,42 St-Port Authority,15235,15450
7/4/2025,Herald Sq-34 St,15851,16594
7/4/2025,Canal St,6891,7436
7/4/2025,59 St-Columbus Circle,8375,8038
7/4/2025,125 St,9077,8703
7/4/2025,96 St,19996,20837
7/4/2025,86 St,17388,18359
7/4/2025,72 St,8901,8702
7/4/2025,66 St-Lincoln Center,17605,17022
7/4/2025,50 St,20729,20250
7/4/2025,28 St,10361,11482
7/4/2025,23 St,7645,7770
7/4/2025,Christopher St,13125,11888
7/4/2025,Houston St,15248,16423
7/4/2025,Spring St,11563,12498
7/4/2025,Chambers St,17491,17515
7/4/2025,Wall St,9098,8743
7/4/2025,Bowling Green,7941,9836
7/4/2025,West 4 St-Wash Sq,5478,6321
7/4/2025,Astor Pl,8731,9436
7/5/2025,Times Sq-42 St,15767,15851
7/5/2025,Grand Central-42 St,16456,15484
7/5/2025,34 St-Penn Station,13877,15161
7/5/2025,14 St-Union Sq,6054,6397
7/5/2025,Fulton St,19495,18140
7/5/2025,42 St-Port Authority,13501,13939
7/5/2025,Herald Sq-34 St,12876,12289
7/5/2025,Canal St,4120,3763
7/5/2025,59 St-Columbus Circle,9744,8645
7/5/2025,125 St,15140,14563
7/5/2025,96 St,16327,16135
7/5/2025,86 St,14712,16209
7/5/2025,72 St,9977,8551
7/5/2025,66 St-Lincoln Center,11216,11520
7/5/2025,50 St,20772,20422
7/5/2025,28 St,15659,14482
7/5/2025,23 St,6361,7214
7/5/2025,Christopher St,13272,14399
7/5/2025,Houston St,17421,17348
7/5/2025,Spring St,14009,13049
7/5/2025,Chambers St,15901,14834
7/5/2025,Wall St,8262,8771
7/5/2025,Bowling Green,9715,10271
7/5/2025,West 4 St-Wash Sq,5101,5909
7/5/2025,Astor Pl,9995,9285
7/6/2025,Times Sq-42 St,14914,14151
7/6/2025,Grand Central-42 St,18727,19133
7/6/2025,34 St-Penn Station,14922,13610
7/6/2025,14 St-Union Sq,4893,4665
7/6/2025,Fulton St,14531,15453
7/6/2025,42 St-Port Authority,13282,13443
7/6/2025,Herald Sq-34 St,12751,13640
7/6/2025,Canal St,6513,5096
7/6/2025,59 St-Columbus Circle,6560,7017
7/6/2025,125 St,9378,9177
7/6/2025,96 St,18787,18175
7/6/2025,86 St,19879,19398
7/6/2025,72 St,11566,11702
7/6/2025,66 St-Lincoln Center,13058,14511
7/6/2025,50 St,18788,19895
7/6/2025,28 St,11082,11758
7/6/2025,23 St,7593,7432
7/6/2025,Christopher St,11655,12054
7/6/2025,Houston St,19335,19407
7/6/2025,Spring St,11276,10841
7/6/2025,Chambers St,15307,14805
7/6/2025,Wall St,11174,10971
7/6/2025,Bowling Green,4563,4678
7/6/2025,West 4 St-Wash Sq,4265,5053
7/6/2025,Astor Pl,7076,5458
7/7/2025,Times Sq-42 St,18990,18368
7/7/2025,Grand Central-42 St,18037,16755
7/7/2025,34 St-Penn Station,13806,12432
7/7/2025,14 St-Union Sq,4039,4367
7/7/2025,Fulton St,18445,17825
7/7/2025,42 St-Port Authority,13364,14892
7/7/2025,Herald Sq-34 St,11711,11429
7/7/2025,Canal St,3421,3008
7/7/2025,59 St-Columbus Circle,6171,6179
7/7/2025,125 St,6540,7161
7/7/2025,96 St,14734,16196
7/7/2025,86 St,18720,18710
7/7/2025,72 St,10464,9928
7/7/2025,66 St-Lincoln Center,13281,12531
7/7/2025,50 St,16496,18213
7/7/2025,28 St,13092,13346
7/7/2025,23 St,9826,9508
7/7/2025,Christopher St,15689,15815
7/7/2025,Houston St,17361,19076
7/7/2025,Spring St,9561,8774
7/7/2025,Chambers St,18641,19419
7/7/2025,Wall St,8028,8669
7/7/2025,Bowling Green,6954,6926
7/7/2025,West 4 St-Wash Sq,7748,7324
7/7/2025,Astor Pl,6977,7899
7/8/2025,Times Sq-42 St,15610,16193
7/8/2025,Grand Central-42 St,17822,16491
7/8/2025,34 St-Penn Station,12447,12719
7/8/2025,14 St-Union Sq,5727,4637
7/8/2025,Fulton St,15165,13583
7/8/2025,42 St-Port Authority,14063,12700
7/8/2025,Herald Sq-34 St,17455,15895
7/8/2025,Canal St,8056,6246
7/8/2025,59 St-Columbus Circle,7398,7316
7/8/2025,125 St,8501,9841
7/8/2025,96 St,16896,16258
7/8/2025,86 St,15810,15897
7/8/2025,72 St,18864,19518
7/8/2025,66 St-Lincoln Center,14602,15390
7/8/2025,50 St,19491,19668
7/8/2025,28 St,9915,11534
7/8/2025,23 St,10516,10602
7/8/2025,Christopher St,14522,15031
7/8/2025,Houston St,19793,20680
7/8/2025,Spring St,9647,9841
7/8/2025,Chambers St,14996,13811
7/8/2025,Wall St,10089,8289
7/8/2025,Bowling Green,9968,9000
7/8/2025,West 4 St-Wash Sq,7423,7212
7/8/2025,Astor Pl,7390,6271
7/9/2025,Times Sq-42 St,17286,15697
7/9/2025,Grand Central-42 St,19163,18997
7/9/2025,34 St-Penn Station,15920,15657
7/9/2025,14 St-Union Sq,5865,6988
7/9/2025,Fulton St,19610,18955
7/9/2025,42 St-Port Authority,12421,11736
7/9/2025,Herald Sq-34 St,14006,15152
7/9/2025,Canal St,5617,7086
7/9/2025,59 St-Columbus Circle,4926,6402
7/9/2025,125 St,6158,6421
7/9/2025,96 St,28009,29198
7/9/2025,86 St,19910,19507
7/9/2025,72 St,12992,12492
7/9/2025,66 St-Lincoln Center,14851,15254
7/9/2025,50 St,18139,18990
7/9/2025,28 St,13617,14619
7/9/2025,23 St,8386,8805
7/9/2025,Christopher St,15058,15958
7/9/2025,Houston St,18552,19204
7/9/2025,Spring St,12606,13982
7/9/2025,Chambers St,15495,16731
7/9/2025,Wall St,9665,9174
7/9/2025,Bowling Green,7777,7774
7/9/2025,West 4 St-Wash Sq,2819,3669
7/9/2025,Astor Pl,9118,7543
7/10/2025,Times Sq-42 St,16923,16137
7/10/2025,Grand Central-42 St,15002,16318
7/10/2025,34 St-Penn Station,12403,12162
7/10/2025,14 St-Union Sq,6589,6715
7/10/2025,Fulton St,18697,17432
7/10/2025,42 St-Port Authority,11261,10198
7/10/2025,Herald Sq-34 St,12536,12511
7/10/2025,Canal St,7602,6802
7/10/2025,59 St-Columbus Circle,12385,12126
7/10/2025,125 St,9616,9481
7/10/2025,96 St,18104,17941
7/10/2025,86 St,20391,20185
7/10/2025,72 St,10566,10556
7/10/2025,66 St-Lincoln Center,14424,14777
7/10/2025,50 St,18839,17523
7/10/2025,28 St,15441,15576
7/10/2025,23 St,10709,9965
7/10/2025,Christopher St,13294,14109
7/10/2025,Houston St,16610,16590
7/10/2025,Spring St,11630,11206
7/10/2025,Chambers St,16500,16565
7/10/2025,Wall St,7125,7032
7/10/2025,Bowling Green,6363,6888
7/10/2025,West 4 St-Wash Sq,4994,4986
7/10/2025,Astor Pl,8260,8307
7/11/2025,Times Sq-42 St,17861,16650
7/11/2025,Grand Central-42 St,18260,17660
7/11/2025,34 St-Penn Station,15602,14186
7/11/2025,14 St-Union Sq,6995,7539
7/11/2025,Fulton St,16686,16025
7/11/2025,42 St-Port Authority,15441,14507
7/11/2025,Herald Sq-34 St,17209,16078
7/11/2025,Canal St,6957,6502
7/11/2025,59 St-Columbus Circle,8263,10024
7/11/2025,125 St,8809,8792
7/11/2025,96 St,17388,16659
7/11/2025,86 St,15651,16242
7/11/2025,72 St,11774,11285
7/11/2025,66 St-Lincoln Center,16777,17794
7/11/2025,50 St,16597,15829
7/11/2025,28 St,14091,12859
7/11/2025,23 St,5615,7543
7/11/2025,Christopher St,13337,13182
7/11/2025,Houston St,16380,16880
7/11/2025,Spring St,12074,11950
7/11/2025,Chambers St,15994,16246
7/11/2025,Wall St,9128,8653
7/11/2025,Bowling Green,8286,8913
7/11/2025,West 4 St-Wash Sq,4251,4049
7/11/2025,Astor Pl,7426,6706
7/12/2025,Times Sq-42 St,19563,19470
7/12/2025,Grand Central-42 St,17513,17506
7/12/2025,34 St-Penn Station,15892,15826
7/12/2025,14 St-Union Sq,6480,5049
7/12/2025,Fulton St,18309,19342
7/12/2025,42 St-Port Authority,12432,11988
7/12/2025,Herald Sq-34 St,15792,15549
7/12/2025,Canal St,7483,6288
7/12/2025,59 St-Columbus Circle,6588,5531
7/12/2025,125 St,8482,7529
7/12/2025,96 St,16530,17632
7/12/2025,86 St,18326,17458
7/12/2025,72 St,11744,12647
7/12/2025,66 St-Lincoln Center,14409,12983
7/12/2025,50 St,19112,19282
7/12/2025,28 St,13696,12681
7/12/2025,23 St,7673,6634
7/12/2025,Christopher St,11924,12515
7/12/2025,Houston St,15850,16684
7/12/2025,Spring St,12929,14501
7/12/2025,Chambers St,18447,19674
7/12/2025,Wall St,8813,7503
7/12/2025,Bowling Green,5438,6177
7/12/2025,West 4 St-Wash Sq,6645,6359
7/12/2025,Astor Pl,7940,8027
7/13/2025,Times Sq-42 St,15481,15964
7/13/2025,Grand Central-42 St,21901,20558
7/13/2025,34 St-Penn Station,14929,15081
7/13/2025,14 St-Union Sq,6262,5721
7/13/2025,Fulton St,17577,17500
7/13/2025,42 St-Port Authority,10689,11373
7/13/2025,Herald Sq-34 St,12013,13774
7/13/2025,Canal St,4511,4180
7/13/2025,59 St-Columbus Circle,5224,4368
7/13/2025,125 St,8868,8510
7/13/2025,96 St,18972,18158
7/13/2025,86 St,18560,17070
7/13/2025,72 St,12741,12561
7/13/2025,66 St-Lincoln Center,12383,13932
7/13/2025,50 St,18021,16542
7/13/2025,28 St,13088,12664
7/13/2025,23 St,10561,10559
7/13/2025,Christopher St,13317,11538
7/13/2025,Houston St,17726,18070
7/13/2025,Spring St,9547,10557
7/13/2025,Chambers St,15383,15981
7/13/2025,Wall St,8596,8545
7/13/2025,Bowling Green,8756,7739
7/13/2025,West 4 St-Wash Sq,4989,6013
7/13/2025,Astor Pl,5312,5750
7/14/2025,Times Sq-42 St,14328,14850
7/14/2025,Grand Central-42 St,29309,29689
7/14/2025,34 St-Penn Station,15416,13982
7/14/2025,14 St-Union Sq,3449,2888
7/14/2025,Fulton St,19881,19968
7/14/2025,42 St-Port Authority,13768,14980
7/14/2025,Herald Sq-34 St,14477,13673
7/14/2025,Canal St,3199,3242
7/14/2025,59 St-Columbus Circle,4860,4868
7/14/2025,125 St,8090,6656
7/14/2025,96 St,18978,18331
7/14/2025,86 St,15423,16152
7/14/2025,72 St,8854,8293
7/14/2025,66 St-Lincoln Center,14692,14698
7/14/2025,50 St,19409,19525
7/14/2025,28 St,13257,12119
7/14/2025,23 St,8536,8164
7/14/2025,Christopher St,16024,15414
7/14/2025,Houston St,19179,20972
7/14/2025,Spring St,9557,9274
7/14/2025,Chambers St,18050,17214
7/14/2025,Wall St,11039,11219
7/14/2025,Bowling Green,7428,7640
7/14/2025,West 4 St-Wash Sq,5338,4531
7/14/2025,Astor Pl,6144,7711
7/15/2025,Times Sq-42 St,15854,15158
7/15/2025,Grand Central-42 St,15645,16464
7/15/2025,34 St-Penn Station,14987,14288
7/15/2025,14 St-Union Sq,3448,3917
7/15/2025,Fulton St,14803,15794
7/15/2025,42 St-Port Authority,9895,10545
7/15/2025,Herald Sq-34 St,12140,12522
7/15/2025,Canal St,6456,7432
7/15/2025,59 St-Columbus Circle,9211,8623
7/15/2025,125 St,7694,6552
7/15/2025,96 St,17822,18023
7/15/2025,86 St,17318,18396
7/15/2025,72 St,9605,8112
7/15/2025,66 St-Lincoln Center,11483,11506
7/15/2025,50 St,14919,15901
7/15/2025,28 St,9679,8977
7/15/2025,23 St,8076,7391
7/15/2025,Christopher St,11210,12120
7/15/2025,Houston St,17911,16756
7/15/2025,Spring St,12530,11505
7/15/2025,Chambers St,16472,16295
7/15/2025,Wall St,10239,8853
7/15/2025,Bowling Green,5357,5981
7/15/2025,West 4 St-Wash Sq,2918,4059
7/15/2025,Astor Pl,6589,6758
7/16/2025,Times Sq-42 St,12700,12721
7/16/2025,Grand Central-42 St,17037,16470
7/16/2025,34 St-Penn Station,13346,13243
7/16/2025,14 St-Union Sq,4056,3513
7/16/2025,Fulton St,14923,14681
7/16/2025,42 St-Port Authority,9706,10828
7/16/2025,Herald Sq-34 St,13632,13021
7/16/2025,Canal St,6152,6276
7/16/2025,59 St-Columbus Circle,5801,6966
7/16/2025,125 St,7299,7455
7/16/2025,96 St,14420,14730
7/16/2025,86 St,18344,17247
7/16/2025,72 St,9742,10044
7/16/2025,66 St-Lincoln Center,11823,10378
7/16/2025,50 St,17226,18145
7/16/2025,28 St,12052,11627
7/16/2025,23 St,9001,9311
7/16/2025,Christopher St,10868,10842
7/16/2025,Houston St,18144,17494
7/16/2025,Spring St,11243,11461
7/16/2025,Chambers St,24769,25267
7/16/2025,Wall St,10695,9468
7/16/2025,Bowling Green,4557,4648
7/16/2025,West 4 St-Wash Sq,2801,2974
7/16/2025,Astor Pl,8055,7630
7/17/2025,Times Sq-42 St,17112,16075
7/17/2025,Grand Central-42 St,13739,14068
7/17/2025,34 St-Penn Station,11495,11856
7/17/2025,14 St-Union Sq,4492,3777
7/17/2025,Fulton St,13667,14739
7/17/2025,42 St-Port Authority,9592,9619
7/17/2025,Herald Sq-34 St,13181,12048
7/17/2025,Canal St,5735,6296
7/17/2025,59 St-Columbus Circle,4607,6316
7/17/2025,125 St,4608,4971
7/17/2025,96 St,14114,14863
7/17/2025,86 St,15804,16057
7/17/2025,72 St,9240,8607
7/17/2025,66 St-Lincoln Center,15419,15188
7/17/2025,50 St,16421,17201
7/17/2025,28 St,13541,12380
7/17/2025,23 St,6505,6647
7/17/2025,Christopher St,13350,12665
7/17/2025,Houston St,17607,18548
7/17/2025,Spring St,10952,9999
7/17/2025,Chambers St,25934,27990
7/17/2025,Wall St,7714,8240
7/17/2025,Bowling Green,3915,4867
7/17/2025,West 4 St-Wash Sq,6058,5712
7/17/2025,Astor Pl,8382,8912
7/18/2025,Times Sq-42 St,12489,12693
7/18/2025,Grand Central-42 St,13359,12174
7/18/2025,34 St-Penn Station,11380,12139
7/18/2025,14 St-Union Sq,4025,4446
7/18/2025,Fulton St,16157,15450
7/18/2025,42 St-Port Authority,10444,11111
7/18/2025,Herald Sq-34 St,14257,13557
7/18/2025,Canal St,6356,4870
7/18/2025,59 St-Columbus Circle,4901,5193
7/18/2025,125 St,8610,7719
7/18/2025,96 St,16926,18360
7/18/2025,86 St,14316,14055
7/18/2025,72 St,7821,8472
7/18/2025,66 St-Lincoln Center,12636,11565
7/18/2025,50 St,15608,15904
7/18/2025,28 St,10586,12218
7/18/2025,23 St,8661,10209
7/18/2025,Christopher St,14325,14510
7/18/2025,Houston St,16114,17048
7/18/2025,Spring St,9506,9062
7/18/2025,Chambers St,12263,12691
7/18/2025,Wall St,10465,8890
7/18/2025,Bowling Green,5362,5523
7/18/2025,West 4 St-Wash Sq,7228,6183
7/18/2025,Astor Pl,6627,6434
7/19/2025,Times Sq-42 St,13031,13900
7/19/2025,Grand Central-42 St,17580,17728
7/19/2025,34 St-Penn Station,10933,11419
7/19/2025,14 St-Union Sq,4496,4026
7/19/2025,Fulton St,14604,14528
7/19/2025,42 St-Port Authority,9991,9933
7/19/2025,Herald Sq-34 St,11807,12291
7/19/2025,Canal St,7224,6801
7/19/2025,59 St-Columbus Circle,4296,5122
7/19/2025,125 St,7565,7177
7/19/2025,96 St,17052,17642
7/19/2025,86 St,14832,14400
7/19/2025,72 St,8426,7555
7/19/2025,66 St-Lincoln Center,10433,10588
7/19/2025,50 St,15525,15500
7/19/2025,28 St,13163,14307
7/19/2025,23 St,6478,6432
7/19/2025,Christopher St,11725,12432
7/19/2025,Houston St,17446,17500
7/19/2025,Spring St,10843,11333
7/19/2025,Chambers St,16578,15970
7/19/2025,Wall St,6830,7137
7/19/2025,Bowling Green,4868,5650
7/19/2025,West 4 St-Wash Sq,4855,4379
7/19/2025,Astor Pl,8696,9506
7/20/2025,Times Sq-42 St,14911,15001
7/20/2025,Grand Central-42 St,13146,12532
7/20/2025,34 St-Penn Station,11209,11055
7/20/2025,14 St-Union Sq,3943,3022
7/20/2025,Fulton St,21325,20291
7/20/2025,42 St-Port Authority,8996,10067
7/20/2025,Herald Sq-34 St,11429,10863
7/20/2025,Canal St,5818,4536
7/20/2025,59 St-Columbus Circle,7633,8372
7/20/2025,125 St,8996,8658
7/20/2025,96 St,16866,16639
7/20/2025,86 St,15339,15061
7/20/2025,72 St,8327,9109
7/20/2025,66 St-Lincoln Center,11624,11792
7/20/2025,50 St,16868,16655
7/20/2025,28 St,12811,13058
7/20/2025,23 St,7874,8929
7/20/2025,Christopher St,13996,14248
7/20/2025,Houston St,13679,14872
7/20/2025,Spring St,12172,11739
7/20/2025,Chambers St,13827,14494
7/20/2025,Wall St,7119,8284
7/20/2025,Bowling Green,8107,8146
7/20/2025,West 4 St-Wash Sq,2994,3815
7/20/2025,Astor Pl,7741,9078
7/21/2025,Times Sq-42 St,14839,14724
7/21/2025,Grand Central-42 St,13561,13987
7/21/2025,34 St-Penn Station,12397,11361
7/21/2025,14 St-Union Sq,4921,3296
7/21/2025,Fulton St,17825,17135
7/21/2025,42 St-Port Authority,10574,9792
7/21/2025,Herald Sq-34 St,13677,14466
7/21/2025,Canal St,4745,3063
7/21/2025,59 St-Columbus Circle,8848,7829
7/21/2025,125 St,9642,9974
7/21/2025,96 St,17582,17595
7/21/2025,86 St,17117,17057
7/21/2025,72 St,10000,10346
7/21/2025,66 St-Lincoln Center,17479,17521
7/21/2025,50 St,15872,15702
7/21/2025,28 St,12626,13367
7/21/2025,23 St,9452,9008
7/21/2025,Christopher St,11206,11158
7/21/2025,Houston St,18540,17351
7/21/2025,Spring St,9575,9969
7/21/2025,Chambers St,16752,16228
7/21/2025,Wall St,7003,8567
7/21/2025,Bowling Green,5540,6123
7/21/2025,West 4 St-Wash Sq,7017,6986
7/21/2025,Astor Pl,6756,6393
7/22/2025,Times Sq-42 St,16898,16883
7/22/2025,Grand Central-42 St,16194,16610
7/22/2025,34 St-Penn Station,13307,13834
7/22/2025,14 St-Union Sq,4168,2994
7/22/2025,Fulton St,14582,14227
7/22/2025,42 St-Port Authority,12692,12873
7/22/2025,Herald Sq-34 St,12738,12310
7/22/2025,Canal St,7712,7123
7/22/2025,59 St-Columbus Circle,8410,8496
7/22/2025,125 St,8641,7863
7/22/2025,96 St,18207,18589
7/22/2025,86 St,15764,15314
7/22/2025,72 St,9244,9033
7/22/2025,66 St-Lincoln Center,11617,11384
7/22/2025,50 St,15985,15696
7/22/2025,28 St,14131,13251
7/22/2025,23 St,5566,6107
7/22/2025,Christopher St,15526,15671
7/22/2025,Houston St,15513,16102
7/22/2025,Spring St,12003,10698
7/22/2025,Chambers St,14799,13385
7/22/2025,Wall St,10632,10372
7/22/2025,Bowling Green,6461,5938
7/22/2025,West 4 St-Wash Sq,7608,6473
7/22/2025,Astor Pl,8596,8833
7/23/2025,Times Sq-42 St,17327,15777
7/23/2025,Grand Central-42 St,16306,15609
7/23/2025,34 St-Penn Station,10143,11099
7/23/2025,14 St-Union Sq,7191,7723
7/23/2025,Fulton St,14646,13779
7/23/2025,42 St-Port Authority,15357,15314
7/23/2025,Herald Sq-34 St,13012,12883
7/23/2025,Canal St,6395,5563
7/23/2025,59 St-Columbus Circle,6687,6796
7/23/2025,125 St,6924,6027
7/23/2025,96 St,17800,17779
7/23/2025,86 St,14006,14590
7/23/2025,72 St,14351,13399
7/23/2025,66 St-Lincoln Center,14515,14291
7/23/2025,50 St,17467,18036
7/23/2025,28 St,13100,13008
7/23/2025,23 St,6670,6585
7/23/2025,Christopher St,13318,12561
7/23/2025,Houston St,15820,15917
7/23/2025,Spring St,8406,8776
7/23/2025,Chambers St,13985,14361
7/23/2025,Wall St,9557,10665
7/23/2025,Bowling Green,6524,7431
7/23/2025,West 4 St-Wash Sq,5873,5574
7/23/2025,Astor Pl,6888,6195
7/24/2025,Times Sq-42 St,16369,16353
7/24/2025,Grand Central-42 St,16136,15352
7/24/2025,34 St-Penn Station,14214,14637
7/24/2025,14 St-Union Sq,4087,2560
7/24/2025,Fulton St,13404,12294
7/24/2025,42 St-Port Authority,11732,11260
7/24/2025,Herald Sq-34 St,13660,13991
7/24/2025,Canal St,4788,5073
7/24/2025,59 St-Columbus Circle,9379,10034
7/24/2025,125 St,9407,9293
7/24/2025,96 St,17262,17144
7/24/2025,86 St,17246,17040
7/24/2025,72 St,11873,11095
7/24/2025,66 St-Lincoln Center,11133,11539
7/24/2025,50 St,15098,15498
7/24/2025,28 St,9623,10753
7/24/2025,23 St,7661,7802
7/24/2025,Christopher St,14507,13384
7/24/2025,Houston St,16782,16818
7/24/2025,Spring St,8503,8387
7/24/2025,Chambers St,13277,12276
7/24/2025,Wall St,9919,9030
7/24/2025,Bowling Green,6034,6256
7/24/2025,West 4 St-Wash Sq,6898,7157
7/24/2025,Astor Pl,8421,9257
7/25/2025,Times Sq-42 St,14358,14024
7/25/2025,Grand Central-42 St,17833,17284
7/25/2025,34 St-Penn Station,15149,13331
7/25/2025,14 St-Union Sq,5733,6437
7/25/2025,Fulton St,15143,16007
7/25/2025,42 St-Port Authority,11278,11287
7/25/2025,Herald Sq-34 St,15071,15036
7/25/2025,Canal St,6319,6015
7/25/2025,59 St-Columbus Circle,5173,5496
7/25/2025,125 St,7414,7785
7/25/2025,96 St,14978,15538
7/25/2025,86 St,16961,18255
7/25/2025,72 St,11076,13360
7/25/2025,66 St-Lincoln Center,15826,14939
7/25/2025,50 St,18370,18889
7/25/2025,28 St,11190,11361
7/25/2025,23 St,7807,8547
7/25/2025,Christopher St,14531,14508
7/25/2025,Houston St,14064,14158
7/25/2025,Spring St,8876,8541
7/25/2025,Chambers St,16958,16974
7/25/2025,Wall St,6657,6572
7/25/2025,Bowling Green,5833,6517
7/25/2025,West 4 St-Wash Sq,6767,7851
7/25/2025,Astor Pl,6598,6680
7/26/2025,Times Sq-42 St,13195,12976
7/26/2025,Grand Central-42 St,16304,17621
7/26/2025,34 St-Penn Station,10540,11382
7/26/2025,14 St-Union Sq,5131,3990
7/26/2025,Fulton St,15974,14978
7/26/2025,42 St-Port Authority,10193,9912
7/26/2025,Herald Sq-34 St,12880,13541
7/26/2025,Canal St,5851,6294
7/26/2025,59 St-Columbus Circle,4289,5158
7/26/2025,125 St,6345,5621
7/26/2025,96 St,14307,13153
7/26/2025,86 St,18334,16909
7/26/2025,72 St,8207,6876
7/26/2025,66 St-Lincoln Center,13101,13797
7/26/2025,50 St,17292,17678
7/26/2025,28 St,10791,10640
7/26/2025,23 St,10695,10673
7/26/2025,Christopher St,12050,13006
7/26/2025,Houston St,17028,17733
7/26/2025,Spring St,11005,11512
7/26/2025,Chambers St,16747,17228
7/26/2025,Wall St,9639,8065
7/26/2025,Bowling Green,4389,4454
7/26/2025,West 4 St-Wash Sq,3411,3403
7/26/2025,Astor Pl,5742,7290
7/27/2025,Times Sq-42 St,14902,14925
7/27/2025,Grand Central-42 St,14132,13977
7/27/2025,34 St-Penn Station,18174,16708
7/27/2025,14 St-Union Sq,4019,3952
7/27/2025,Fulton St,12928,14250
7/27/2025,42 St-Port Authority,12676,13213
7/27/2025,Herald Sq-34 St,13095,12170
7/27/2025,Canal St,5374,5875
7/27/2025,59 St-Columbus Circle,8174,8180
7/27/2025,125 St,7271,7896
7/27/2025,96 St,14796,14430
7/27/2025,86 St,14132,13501
7/27/2025,72 St,8935,9458
7/27/2025,66 St-Lincoln Center,12849,12463
7/27/2025,50 St,16658,17142
7/27/2025,28 St,10025,10559
7/27/2025,23 St,8246,8147
7/27/2025,Christopher St,13374,12876
7/27/2025,Houston St,16189,16174
7/27/2025,Spring St,10803,11120
7/27/2025,Chambers St,18103,18557
7/27/2025,Wall St,10574,11255
7/27/2025,Bowling Green,6704,6108
7/27/2025,West 4 St-Wash Sq,5037,5509
7/27/2025,Astor Pl,8832,8346
7/28/2025,Times Sq-42 St,15815,15381
7/28/2025,Grand Central-42 St,16591,16900
7/28/2025,34 St-Penn Station,13968,13422
7/28/2025,14 St-Union Sq,5978,5978
7/28/2025,Fulton St,15244,14573
7/28/2025,42 St-Port Authority,9458,10673
7/28/2025,Herald Sq-34 St,12442,10966
7/28/2025,Canal St,5231,4364
7/28/2025,59 St-Columbus Circle,7870,7142
7/28/2025,125 St,8497,8676
7/28/2025,96 St,14264,15449
7/28/2025,86 St,17570,18010
7/28/2025,72 St,7481,7137
7/28/2025,66 St-Lincoln Center,11218,11527
7/28/2025,50 St,15232,15440
7/28/2025,28 St,14143,12904
7/28/2025,23 St,9740,10291
7/28/2025,Christopher St,12806,13992
7/28/2025,Houston St,16432,16797
7/28/2025,Spring St,11022,10356
7/28/2025,Chambers St,14675,14517
7/28/2025,Wall St,8538,9252
7/28/2025,Bowling Green,4329,4153
7/28/2025,West 4 St-Wash Sq,4088,3192
7/28/2025,Astor Pl,5692,6382
7/29/2025,Times Sq-42 St,15813,14948
7/29/2025,Grand Central-42 St,13927,13651
7/29/2025,34 St-Penn Station,12351,12441
7/29/2025,14 St-Union Sq,6340,5194
7/29/2025,Fulton St,15342,15563
7/29/2025,42 St-Port Authority,11777,11271
7/29/2025,Herald Sq-34 St,14022,13239
7/29/2025,Canal St,6087,6219
7/29/2025,59 St-Columbus Circle,6254,6615
7/29/2025,125 St,8512,7169
7/29/2025,96 St,15730,17035
7/29/2025,86 St,14175,14382
7/29/2025,72 St,9823,9736
7/29/2025,66 St-Lincoln Center,12132,12883
7/29/2025,50 St,17748,18515
7/29/2025,28 St,10365,10655
7/29/2025,23 St,10213,9579
7/29/2025,Christopher St,12231,12167
7/29/2025,Houston St,15543,15693
7/29/2025,Spring St,10074,10804
7/29/2025,Chambers St,15714,15649
7/29/2025,Wall St,10941,10807
7/29/2025,Bowling Green,5350,6495
7/29/2025,West 4 St-Wash Sq,3378,2977
7/29/2025,Astor Pl,6839,6495
7/30/2025,Times Sq-42 St,16354,16554
7/30/2025,Grand Central-42 St,13180,13009
7/30/2025,34 St-Penn Station,13463,12587
7/30/2025,14 St-Union Sq,4843,3383
7/30/2025,Fulton St,14562,14633
7/30/2025,42 St-Port Authority,13810,12983
7/30/2025,Herald Sq-34 St,14248,14746
7/30/2025,Canal St,6679,6449
7/30/2025,59 St-Columbus Circle,5042,5201
7/30/2025,125 St,8152,6875
7/30/2025,96 St,16536,15997
7/30/2025,86 St,16064,16282
7/30/2025,72 St,10370,10601
7/30/2025,66 St-Lincoln Center,12723,12456
7/30/2025,50 St,23869,24653
7/30/2025,28 St,12096,12407
7/30/2025,23 St,5972,6126
7/30/2025,Christopher St,10396,10582
7/30/2025,Houston St,13238,14430
7/30/2025,Spring St,11197,10456
7/30/2025,Chambers St,14192,14349
7/30/2025,Wall St,9035,8688
7/30/2025,Bowling Green,7256,7375
7/30/2025,West 4 St-Wash Sq,4513,5673
7/30/2025,Astor Pl,4347,5197
7/31/2025,Times Sq-42 St,13552,14279
7/31/2025,Grand Central-42 St,15742,15053
7/31/2025,34 St-Penn Station,13007,12784
7/31/2025,14 St-Union Sq,4511,5320
7/31/2025,Fulton St,16548,17302
7/31/2025,42 St-Port Authority,12849,12884
7/31/2025,Herald Sq-34 St,14218,13922
7/31/2025,Canal St,3922,3824
7/31/2025,59 St-Columbus Circle,6048,6998
7/31/2025,125 St,10199,9594
7/31/2025,96 St,15547,14790
7/31/2025,86 St,16001,16687
7/31/2025,72 St,9309,9860
7/31/2025,66 St-Lincoln Center,15436,14721
7/31/2025,50 St,17972,17786
7/31/2025,28 St,12674,12605
7/31/2025,23 St,9581,8539
7/31/2025,Christopher St,14972,14392
7/31/2025,Houston St,15227,15157
7/31/2025,Spring St,9276,9793
7/31/2025,Chambers St,13238,13889
7/31/2025,Wall St,7974,8593
7/31/2025,Bowling Green,4232,5336
7/31/2025,West 4 St-Wash Sq,6152,6680
7/31/2025,Astor Pl,7506,8188
8/1/2025,Times Sq-42 St,17503,17545
8/1/2025,Grand Central-42 St,16155,16295
8/1/2025,34 St-Penn Station,11718,12341
8/1/2025,14 St-Union Sq,6853,5350
8/1/2025,Fulton St,15661,17007
8/1/2025,42 St-Port Authority,11140,11004
8/1/2025,Herald Sq-34 St,11238,12102
8/1/2025,Canal St,4919,4486
8/1/2025,59 St-Columbus Circle,8834,8520
8/1/2025,125 St,7285,6674
8/1/2025,96 St,18022,17261
8/1/2025,86 St,15597,14416
8/1/2025,72 St,7914,7452
8/1/2025,66 St-Lincoln Center,14442,13472
8/1/2025,50 St,15053,15787
8/1/2025,28 St,10744,10008
8/1/2025,23 St,5501,6628
8/1/2025,Christopher St,11654,11053
8/1/2025,Houston St,14721,14067
8/1/2025,Spring St,8762,8601
8/1/2025,Chambers St,14305,14224
8/1/2025,Wall St,7080,7424
8/1/2025,Bowling Green,7042,6314
8/1/2025,West 4 St-Wash Sq,5203,4828
8/1/2025,Astor Pl,7977,9031
8/2/2025,Times Sq-42 St,15968,16118
8/2/2025,Grand Central-42 St,16916,15935
8/2/2025,34 St-Penn Station,13930,14576
8/2/2025,14 St-Union Sq,3918,3889
8/2/2025,Fulton St,14408,13394
8/2/2025,42 St-Port Authority,12249,11980
8/2/2025,Herald Sq-34 St,14928,13991
8/2/2025,Canal St,6031,5986
8/2/2025,59 St-Columbus Circle,7510,7041
8/2/2025,125 St,8436,8452
8/2/2025,96 St,17460,16860
8/2/2025,86 St,14865,15041
8/2/2025,72 St,11771,10825
8/2/2025,66 St-Lincoln Center,14525,13853
8/2/2025,50 St,15324,16918
8/2/2025,28 St,11391,10466
8/2/2025,23 St,7116,7271
8/2/2025,Christopher St,12024,11982
8/2/2025,Houston St,14659,15941
8/2/2025,Spring St,11091,10736
8/2/2025,Chambers St,14710,14399
8/2/2025,Wall St,9181,9242
8/2/2025,Bowling Green,5681,5675
8/2/2025,West 4 St-Wash Sq,2626,2967
8/2/2025,Astor Pl,9142,9807
8/3/2025,Times Sq-42 St,12417,13186
8/3/2025,Grand Central-42 St,14552,15150
8/3/2025,34 St-Penn Station,10963,11764
8/3/2025,14 St-Union Sq,7466,7254
8/3/2025,Fulton St,17231,17643
8/3/2025,42 St-Port Authority,12628,12720
8/3/2025,Herald Sq-34 St,10610,11150
8/3/2025,Canal St,2662,2687
8/3/2025,59 St-Columbus Circle,8257,7885
8/3/2025,125 St,7864,7156
8/3/2025,96 St,17114,17856
8/3/2025,86 St,14930,14859
8/3/2025,72 St,8095,7866
8/3/2025,66 St-Lincoln Center,12002,13387
8/3/2025,50 St,17512,17831
8/3/2025,28 St,11592,12389
8/3/2025,23 St,6070,6150
8/3/2025,Christopher St,12407,12539
8/3/2025,Houston St,16652,16181
8/3/2025,Spring St,11913,13139
8/3/2025,Chambers St,16320,16752
8/3/2025,Wall St,8141,8250
8/3/2025,Bowling Green,7781,6801
8/3/2025,West 4 St-Wash Sq,7682,7159
8/3/2025,Astor Pl,7583,8092
8/4/2025,Times Sq-42 St,15978,16630
8/4/2025,Grand Central-42 St,17562,17353
8/4/2025,34 St-Penn Station,14864,15377
8/4/2025,14 St-Union Sq,6140,6147
8/4/2025,Fulton St,14217,14581
8/4/2025,42 St-Port Authority,14327,14128
8/4/2025,Herald Sq-34 St,11507,11713
8/4/2025,Canal St,5454,4336
8/4/2025,59 St-Columbus Circle,6420,7001
8/4/2025,125 St,8208,8920
8/4/2025,96 St,14429,14491
8/4/2025,86 St,17419,16157
8/4/2025,72 St,7427,9021
8/4/2025,66 St-Lincoln Center,12048,10452
8/4/2025,50 St,19322,18926
8/4/2025,28 St,10243,10112
8/4/2025,23 St,7076,7245
8/4/2025,Christopher St,11969,11292
8/4/2025,Houston St,14594,14928
8/4/2025,Spring St,12945,12493
8/4/2025,Chambers St,16309,17392
8/4/2025,Wall St,10542,10907
8/4/2025,Bowling Green,7300,7321
8/4/2025,West 4 St-Wash Sq,6613,7947
8/4/2025,Astor Pl,7579,6100
8/5/2025,Times Sq-42 St,13175,14073
8/5/2025,Grand Central-42 St,13737,14380
8/5/2025,34 St-Penn Station,14136,14191
8/5/2025,14 St-Union Sq,6047,6969
8/5/2025,Fulton St,13914,13982
8/5/2025,42 St-Port Authority,10696,9487
8/5/2025,Herald Sq-34 St,15467,15357
8/5/2025,Canal St,3663,3768
8/5/2025,59 St-Columbus Circle,8862,7899
8/5/2025,125 St,8603,7018
8/5/2025,96 St,16672,16150
8/5/2025,86 St,16799,16596
8/5/2025,72 St,9342,9000
8/5/2025,66 St-Lincoln Center,10932,10867
8/5/2025,50 St,23113,22740
8/5/2025,28 St,10706,9847
8/5/2025,23 St,7578,8080
8/5/2025,Christopher St,14790,15916
8/5/2025,Houston St,18264,17828
8/5/2025,Spring St,10588,10975
8/5/2025,Chambers St,16247,17304
8/5/2025,Wall St,10345,9683
8/5/2025,Bowling Green,6531,6772
8/5/2025,West 4 St-Wash Sq,3803,2882
8/5/2025,Astor Pl,8034,8677
8/6/2025,Times Sq-42 St,15963,17283
8/6/2025,Grand Central-42 St,14176,13526
8/6/2025,34 St-Penn Station,11935,10661
8/6/2025,14 St-Union Sq,5303,5176
8/6/2025,Fulton St,17110,17016
8/6/2025,42 St-Port Authority,10359,9335
8/6/2025,Herald Sq-34 St,14107,14319
8/6/2025,Canal St,3042,3245
8/6/2025,59 St-Columbus Circle,7750,8683
8/6/2025,125 St,6823,5685
8/6/2025,96 St,14702,14396
8/6/2025,86 St,16491,16474
8/6/2025,72 St,9534,8642
8/6/2025,66 St-Lincoln Center,21214,22993
8/6/2025,50 St,16241,16277
8/6/2025,28 St,9884,10867
8/6/2025,23 St,9792,9278
8/6/2025,Christopher St,13726,13338
8/6/2025,Houston St,15005,15011
8/6/2025,Spring St,8542,7521
8/6/2025,Chambers St,15671,15307
8/6/2025,Wall St,9232,8504
8/6/2025,Bowling Green,5479,5244
8/6/2025,West 4 St-Wash Sq,5054,4491
8/6/2025,Astor Pl,7819,6642
8/7/2025,Times Sq-42 St,12083,12418
8/7/2025,Grand Central-42 St,14569,13773
8/7/2025,34 St-Penn Station,13971,15023
8/7/2025,14 St-Union Sq,4581,4289
8/7/2025,Fulton St,13740,14203
8/7/2025,42 St-Port Authority,10461,10135
8/7/2025,Herald Sq-34 St,11483,11519
8/7/2025,Canal St,3287,3550
8/7/2025,59 St-Columbus Circle,8280,9482
8/7/2025,125 St,5221,6104
8/7/2025,96 St,15713,14953
8/7/2025,86 St,15922,15985
8/7/2025,72 St,10088,10543
8/7/2025,66 St-Lincoln Center,14655,15380
8/7/2025,50 St,18376,18490
8/7/2025,28 St,11138,12455
8/7/2025,23 St,9089,8614
8/7/2025,Christopher St,11248,12120
8/7/2025,Houston St,16818,16093
8/7/2025,Spring St,12832,11577
8/7/2025,Chambers St,14062,12551
8/7/2025,Wall St,8241,8666
8/7/2025,Bowling Green,4580,4728
8/7/2025,West 4 St-Wash Sq,6879,7257
8/7/2025,Astor Pl,7837,6248
8/8/2025,Times Sq-42 St,17306,16403
8/8/2025,Grand Central-42 St,14524,13479
8/8/2025,34 St-Penn Station,16785,17190
8/8/2025,14 St-Union Sq,6682,5992
8/8/2025,Fulton St,15240,15205
8/8/2025,42 St-Port Authority,10637,10596
8/8/2025,Herald Sq-34 St,12458,11816
8/8/2025,Canal St,7868,6529
8/8/2025,59 St-Columbus Circle,5632,6518
8/8/2025,125 St,8937,8644
8/8/2025,96 St,16347,16294
8/8/2025,86 St,14747,13820
8/8/2025,72 St,9303,8908
8/8/2025,66 St-Lincoln Center,12488,11882
8/8/2025,50 St,17806,18916
8/8/2025,28 St,13674,13396
8/8/2025,23 St,6722,6637
8/8/2025,Christopher St,13402,12909
8/8/2025,Houston St,17563,16554
8/8/2025,Spring St,10466,11391
8/8/2025,Chambers St,14191,15386
8/8/2025,Wall St,9864,9890
8/8/2025,Bowling Green,5954,6591
8/8/2025,West 4 St-Wash Sq,6938,7095
8/8/2025,Astor Pl,7851,8096
8/9/2025,Times Sq-42 St,12281,13713
8/9/2025,Grand Central-42 St,21984,21839
8/9/2025,34 St-Penn Station,11373,11792
8/9/2025,14 St-Union Sq,10266,9283
8/9/2025,Fulton St,14050,15066
8/9/2025,42 St-Port Authority,12216,11246
8/9/2025,Herald Sq-34 St,13315,12835
8/9/2025,Canal St,4978,6364
8/9/2025,59 St-Columbus Circle,4540,3568
8/9/2025,125 St,9346,8303
8/9/2025,96 St,15971,15435
8/9/2025,86 St,15365,14646
8/9/2025,72 St,11639,11496
8/9/2025,66 St-Lincoln Center,13522,14168
8/9/2025,50 St,16326,15332
8/9/2025,28 St,12374,12007
8/9/2025,23 St,6424,7348
8/9/2025,Christopher St,16018,15166
8/9/2025,Houston St,13998,13803
8/9/2025,Spring St,11012,11275
8/9/2025,Chambers St,17490,16870
8/9/2025,Wall St,7136,7086
8/9/2025,Bowling Green,7668,7820
8/9/2025,West 4 St-Wash Sq,2944,3889
8/9/2025,Astor Pl,9531,9641
8/10/2025,Times Sq-42 St,15879,16148
8/10/2025,Grand Central-42 St,18100,18179
8/10/2025,34 St-Penn Station,11784,12549
8/10/2025,14 St-Union Sq,4214,3731
8/10/2025,Fulton St,16425,17292
8/10/2025,42 St-Port Authority,13116,12990
8/10/2025,Herald Sq-34 St,11596,12491
8/10/2025,Canal St,2285,2319
8/10/2025,59 St-Columbus Circle,8181,8118
8/10/2025,125 St,7505,7032
8/10/2025,96 St,18123,17994
8/10/2025,86 St,14628,13424
8/10/2025,72 St,9405,9642
8/10/2025,66 St-Lincoln Center,10581,11680
8/10/2025,50 St,14949,14888
8/10/2025,28 St,11068,11468
8/10/2025,23 St,6111,7283
8/10/2025,Christopher St,15046,14588
8/10/2025,Houston St,17302,16556
8/10/2025,Spring St,10651,11084
8/10/2025,Chambers St,13803,14720
8/10/2025,Wall St,7870,8002
8/10/2025,Bowling Green,3449,3838
8/10/2025,West 4 St-Wash Sq,5177,4018
8/10/2025,Astor Pl,5095,5149
8/11/2025,Times Sq-42 St,15930,14403
8/11/2025,Grand Central-42 St,17254,15878
8/11/2025,34 St-Penn Station,12255,12424
8/11/2025,14 St-Union Sq,5095,5961
8/11/2025,Fulton St,17149,16482
8/11/2025,42 St-Port Authority,9664,10412
8/11/2025,Herald Sq-34 St,14957,16354
8/11/2025,Canal St,5429,6434
8/11/2025,59 St-Columbus Circle,6756,7932
8/11/2025,125 St,6223,5767
8/11/2025,96 St,16455,16789
8/11/2025,86 St,16149,15295
8/11/2025,72 St,8431,8692
8/11/2025,66 St-Lincoln Center,15611,15495
8/11/2025,50 St,29084,29890
8/11/2025,28 St,11781,12266
8/11/2025,23 St,8178,8108
8/11/2025,Christopher St,13810,14976
8/11/2025,Houston St,24974,24715
8/11/2025,Spring St,7399,8247
8/11/2025,Chambers St,13181,14401
8/11/2025,Wall St,7733,7737
8/11/2025,Bowling Green,7714,7416
8/11/2025,West 4 St-Wash Sq,5722,5600
8/11/2025,Astor Pl,5828,6150
8/12/2025,Times Sq-42 St,14338,13619
8/12/2025,Grand Central-42 St,16921,17076
8/12/2025,34 St-Penn Station,11876,12291
8/12/2025,14 St-Union Sq,4456,4898
8/12/2025,Fulton St,13325,13644
8/12/2025,42 St-Port Authority,10244,10586
8/12/2025,Herald Sq-34 St,14266,14965
8/12/2025,Canal St,6604,6119
8/12/2025,59 St-Columbus Circle,5280,4314
8/12/2025,125 St,9624,8617
8/12/2025,96 St,13458,14568
8/12/2025,86 St,16541,16254
8/12/2025,72 St,9809,8683
8/12/2025,66 St-Lincoln Center,12388,12005
8/12/2025,50 St,16794,16914
8/12/2025,28 St,11534,11751
8/12/2025,23 St,8912,9283
8/12/2025,Christopher St,14478,14597
8/12/2025,Houston St,15112,15403
8/12/2025,Spring St,10720,9517
8/12/2025,Chambers St,14857,15006
8/12/2025,Wall St,7493,8459
8/12/2025,Bowling Green,11839,10510
8/12/2025,West 4 St-Wash Sq,4163,2932
8/12/2025,Astor Pl,6325,5622
8/13/2025,Times Sq-42 St,13056,14132
8/13/2025,Grand Central-42 St,15524,15431
8/13/2025,34 St-Penn Station,21681,20673
8/13/2025,14 St-Union Sq,4579,4373
8/13/2025,Fulton St,14296,13444
8/13/2025,42 St-Port Authority,11206,10931
8/13/2025,Herald Sq-34 St,13084,13012
8/13/2025,Canal St,6685,5121
8/13/2025,59 St-Columbus Circle,6417,7403
8/13/2025,125 St,7723,7411
8/13/2025,96 St,14248,14942
8/13/2025,86 St,16232,15858
8/13/2025,72 St,9133,9190
8/13/2025,66 St-Lincoln Center,11529,12448
8/13/2025,50 St,19236,17874
8/13/2025,28 St,11169,10689
8/13/2025,23 St,9183,9322
8/13/2025,Christopher St,13589,13755
8/13/2025,Houston St,15081,14840
8/13/2025,Spring St,12144,12400
8/13/2025,Chambers St,15024,15519
8/13/2025,Wall St,6714,7846
8/13/2025,Bowling Green,5932,4973
8/13/2025,West 4 St-Wash Sq,6038,6949
8/13/2025,Astor Pl,5710,6561
8/14/2025,Times Sq-42 St,16819,18204
8/14/2025,Grand Central-42 St,16640,16069
8/14/2025,34 St-Penn Station,11928,11182
8/14/2025,14 St-Union Sq,3338,4477
8/14/2025,Fulton St,14039,14058
8/14/2025,42 St-Port Authority,12927,12485
8/14/2025,Herald Sq-34 St,15625,14340
8/14/2025,Canal St,7135,6737
8/14/2025,59 St-Columbus Circle,5437,5667
8/14/2025,125 St,8996,10028
8/14/2025,96 St,16417,16049
8/14/2025,86 St,16760,16347
8/14/2025,72 St,7784,8317
8/14/2025,66 St-Lincoln Center,13214,13849
8/14/2025,50 St,17773,17680
8/14/2025,28 St,13839,14426
8/14/2025,23 St,7174,7523
8/14/2025,Christopher St,12569,12481
8/14/2025,Houston St,18758,18545
8/14/2025,Spring St,12233,12431
8/14/2025,Chambers St,15303,16151
8/14/2025,Wall St,8659,7841
8/14/2025,Bowling Green,4956,4201
8/14/2025,West 4 St-Wash Sq,6142,6450
8/14/2025,Astor Pl,5891,7109
